Retailer,Line 1,Line 2,Suburb,Postcode,State,Country,Email,Worker
005224 - South Portland Pharmacy,,24 Barkly Street,Portland,3305,VIC,Australia,sportlandpharmacy@yahoo.com.au,Rehan
000116 - Babyroad,,4/260 Leach Hwy,Booragoon,6154,WA,Australia,Service@babyroad.com.au,Rehan
000714 - Pharmacy 777 Mandurah,,7 Dower St,Mandurah,6210,WA,Australia,mandurah@pharmacy777.com.au,Rehan
000402 - Amcal Night And Day Chemist,,490 Walter Road,Bayswater,6053,WA,Australia,bayswater.wa@amcal.net.au,Rehan
000630 - Bunbury Forum Pharmacy,,Shop 34 Bunbury Forum S/C,Bunbury,6230,WA,Australia,reception@bunburyforum.com.au,Rehan
004423 - Yanchep Community Pharmacy,,Shop 3 The Village Village Row,Yanchep,6037,WA,Australia,yancheppharmacy@bigpond.com,Rehan
000064 - Ambassadors Pharmacy,"Shop 9, Building 2, Manjimup Shopping Centre",91-93 Mottram St,Manjimup,6258,WA,Australia,ambassadors@manjimuppharmacy.com,Rehan
001710 - Friendlies Maryborough,,217 Adelaide Street,Maryborough,4650,QLD,Australia,friendlies@nunet.com.au,Rehan
002991 - Port Melbourne Pharmacy,,205 Bay Street,Port Melbourne,3207,Vic,Australia,portmelbournepharmacy@gmail.com,Rehan
003250 - Port Bay Street Pharmacy Port Melbourne,,51 Bay Street,Port Melbourne,3207,Vic,Australia,portbaypharmacy@gmail.com,Rehan
003859 - St Francis Pharmacy,,Shop 19 Subiaco Square 29 Station Street,Subiaco,6008,WA,Australia,enquiries@stfrancispharmacy.com.au,Rehan
000036 - Acorn Gifts and Hampers,,28b Jenark Way,Kewdale,6105,WA,Australia,acorngiftsandhampers@gmail.com,Rehan
000744 - Cessnock Day & Night,,202 Wollombi Road,Cessnock,2325,NSW,Australia,script@cessnockdaynightpharmacy.com.au,Rehan
003848 - Pharmacy 777 Stirling Drive In,,234 Stirling Highway,Claremont,6010,WA,Australia,info@pharmacy777.com.au,Rehan
003780 - South St Oconnor,,Unit 4 By 386 South St,Oconnor,6163,WA,Australia,wdpclinic@wdp.com.au,Rehan
002078 - Gasworks Pharmacy,,7/137 Shakespeare Street,Mackay,4740,QLD,Australia,gasworks@terrywhitechemmart.com.au,Rehan
002868 - Northlands Pharmacy,Northlands Shopping Centre,Sh 13 201 Amelia Roads,Balcatta,6021,WA,Australia,nhp@iinet.net.au,Rehan
001700 - Leederville Community Pharmacy,,143 Oxford Street,Leederville,6007,WA,Australia,hello@leedervillepharmacy.com,Rehan
002357 - Landsdale Guardian Pharmacy,,2 By 21 The Broadview Landsdale Gardens,Landsdale,6065,WA,Australia,ld@rkpharmacy.com.au,Rehan
002587 - Merriwa Pharmacy Wa,,2/44 Baltimore Parade,Merriwa,6030,WA,Australia,merriwapharmacy@live.com,Rehan
001485 - Discount Drug Store Mandurah,,Peel Lakes Rd Medical Ctr 38 To 42 Minilya Pwy,Mandurah,6210,WA,Australia,info@wholelife.com.au,Rehan
004090 - Thepharmacy,,118 Elswick St,Leichhardt,2040,NSW,Australia,contactus@thepharmacy.com.au,Rehan
004863 - Julies Pharmacy,,144 Edward Street,Ayr,4807,QLD,Australia,staff@juliespharmacy.com.au,Rehan
004866 - Livelife Pharmacy Bowen Plaza,,16 Richmond Road,Bowen,4805,QLD,Australia,bowenhealthcare@livelifepharmacy.com,Rehan
004525 - Pharmacy 777 Nollamara,Nollamara Shopping Centre,84 Hillsborough Rd,Nollamara,6061,WA,Australia,nollamara@pharmacy777.com.au,Rehan
001894 - Pharmacy 777 Bridgetown,,127 Hampton Street,Bridgetown,6255,WA,Australia,bridgetown@pharmacy777.com.au,Rehan
001851 - House of Babes,,100 Hannan St,Kalgoorlie,6430,WA,Australia,houseofbabes@tpg.com.au,Rehan
003712 - Dixons Pharmacy Wynyard,,112 Goldie Street,Wynyard,7325,Tas,Australia,staff@dixonspharmacy.com.au,Rehan
005309 - Terrywhite Chemmart Brooklane,T14 Brooklane Shopping Centre,20 Maffina Pde,Ellenbrook,6069,WA,Australia,brooklane@terrywhitechemmart.com.au,Rehan
002950 - Osborne Park Pharmacy,,207 Main St,Osborne Park,6017,WA,Australia,info@osborneparkpharmacy.com.au,Rehan
001714 - Friendlies Of Hervey Bay,,35 Torquay Road,Pialba,4655,QLD,Australia,accounts@friendlies.com.au,Rehan
004698 - Yokine Pharmacy,,224 Swan St,Yokine,6060,WA,Australia,yokinepharmacy@westnet.com.au,Rehan
005296 - Oz Fur Kids,,13 Goss Road,Lewiston,5501,SA,Australia,info@ozfurkids.com.au,Rehan
001702 - Pharmacy 777 Subiaco Station Street,,4/44 Station St,Subiaco,6008,WA,Australia,subiacostationst@pharmacy777.com.au,Rehan
000647 - Byford Pharmacy,,Shop 8 837 South West Highway,Byford,6201,WA,Australia,info@byfordpharmacy.com.au,Rehan
004600 - Baldivis Pharmacy,,2 Wattle Bird Way,Baldivis,6171,WA,Australia,kate@baldivispharmacy.com.au,Rehan
002198 - The Friendlies Discount Pharmacy,,60 Churchill Street,Childers,4660,QLD,Australia,childers@friendlies.com.au,Rehan
005229 - Everything Baby,304,Main Street,Bairnsdale,3875,VIC,Australia,sales@everythingbaby.net.au,Rehan
000206 - Amcal Mundaring Pharmacy,,Shop 4 5 Nicoll Street,Mundaring,6073,WA,Australia,mundaring@amcal.net.au,Rehan
002351 - Lakes Esplanade Guardian,,6-8/ 371 The Esplanade,Lakes Entrance,3909,Vic,Australia,lakes@pharmacyalliance.net,Rehan
004562 - Two Rocks Pharmacy,"Shop 10, Two Rocks Shopping Centre",6/8 Enterprise Avenue,Two Rocks,6037,WA,Australia,trcpharmacy@bigpond.com,Rehan
000681 - Canning Vale Night And Day Pharmacy,,Cnr Ranford & Campbell Roads,Canning Vale,6155,WA,Australia,canningvale1@westnet.com.au,Rehan
002940 - Optimal Plus Carine,,5/485 Beach Rd,Carine,6020,WA,Australia,pharmacy@carineglades.com.au,Rehan
004506 - Regency Compounding Pharmacy Coburg Nth,"Shop 5, Coburg Hill S/C",153-167 Elizabeth Street,Coburg North,3058,Vic,Australia,regency.compounding@gmail.com,Rehan
002576 - Pharmacy 777 Medina Pharmacy,,12 Pace Rd,Medina,6167,WA,Australia,medina@pharmacy777.com.au,Rehan
002158 - Wexford Medical Centre Pharmacy,St John Of God Hospital Medical Centre,Suite 1 LG/ 3 Barry Marshall Parade,Murdoch,6150,WA,Australia,wexfordmedical@frednet.com.au,Rehan
000259 - Vermont South Pharmacy,,2A/495 Burwood Hwy,Vermont South,3133,Vic,Australia,vermontsouthpharmacy@gmail.com,Rehan
002816 - Nelson Pharmacy,,123 Thomas St,Brighton East,3187,Vic,Australia,info@nelsonpharmacy.com.au,Rehan
005046 - YSM - Young Sales & Merchandising,,333 Lenah Valley Road,Lenah Valley,7008,TAS,Australia,lee.young6@outlook.com,Rehan
003964 - TerryWhite Chemmart Chirnside Park,,Shop 628634 Chirnside Park Sctr Maroondah Hway,Chirnside Park,3116,Vic,Australia,chirnside@terrywhitechemmart.com.au,Rehan
005275 - Hush Kids,Shop 16 Kalumunda Central SC,37 Railway Rd,Kalumunda,6076,WA,Australia,hushkids@live.com.au,Rehan
001674 - Pharmacy 777 Forrestfield,,Unit 4 76 Hale Road,Forrestfield,6058,WA,Australia,forrestfieldphcywa@gmail.com,Rehan
002849 - Noranda Feelgood,,Shop 31 To 32 Noranda Palms Sctr Benara Rd,Noranda,6062,WA,Australia,feelgood@norandapharmacy.com.au,Rehan
005244 - Whiteman Edge 7 Day Pharmacy,,Shop 4/100 Everglades Ave,Brabham,6055,WA,Australia,whitemanedge@7daypharmacy.net.au,Rehan
005282 - Parker Agencies,,9/93 Hector Rd West,Osborne Park,6017,WA,Australia,office@parkeragencies.com.au,Rehan
004755 - Cedric street pharmacy,G1/31 Cedric Street,Cedric Street,Stirling,6021,WA,Australia,info@cedricstpharmacy.com.au,Rehan
000466 - Biloela Medical Centre Pharmacy,,"Shop 2, 36 Dawson Hwy",Biloela,4715,QLD,Australia,admin@biloelamedicalcentre.com,Rehan
004655 - Biggenden Pharmacy,,37 Edward St,Biggenden,4621,QLD,Australia,biggendenpharmacy@yahoo.com,Rehan
003265 - Preston Street Pharmacy,,Shop 4 25 Preston Street,Como,6152,WA,Australia,prestonst@terrywhitechemmart.com,Rehan
004584 - Byford Glades 7 DAY pharmacy,,15 Covenant Lane,Byford,6122,WA,Australia,by@rkpharmacy.com.au,Rehan
004790 - Beeliar Hive Pharmacy,Shop 4,283 Beeliar Drive,Yangebup,6164,WA,Australia,info@beeliarhivepharmacy.com.au,Rehan
001477 - Discount Drug Store Innaloo,,52A Ellen Stirling Boulevarde,Innaloo,6018,WA,Australia,innaloo@discountdrugstores.com.au,Rehan
001991 - Wells Wragg Pharmacy,,142 Nelson Street,Smithton,7330,Tas,Australia,wellswragg@alliancepharmacy.com.au,Rehan
000185 - Amcal+ Express Pharmacy Burswood,,265 Great Eastern Highway,Burswood,6100,WA,Australia,burswood@amcal.net.au,Rehan
000961 - Pharmacy 777 Busselton,,Shop 5 Bussleton Central Scentre Prince St,Busselton,6280,WA,Australia,busselton@pharmacy777.com,Rehan
004561 - Bull Creek Discount Pharmacy,Shop 9 Parry Village S/C,118 Parry Ave,Bull Creek,6149,WA,Australia,bcfriend@bigpond.net.au,Rehan
005472 - Salisbury Plain Discount Pharmacy,Shop 6 &7,1700 Main North Rd,Salisbury Plain,5109,SA,Australia,salisburyplainpharmacy@live.com.au,Rehan
004814 - Babyland Osborne Park,,30 Frobisher Pl,Osborne Park,6017,WA,Australia,info@babyland.com.au,Rehan
005576 - Varda,,Shop 5/31-33 Dunn Bay Road,Dunsborough,6281,WA,Australia,,
005289 - Little Beach Road,,Shop 7/7 Railway Terrace,Rockingham,6168,WA,Australia,beachroadmerchant@gmail.com,Rehan
002254 - Kalgoorlie Pharmacy,,"Shop G6, 140 Hannan Street",Kalgoorlie,6430,WA,Australia,kalpharm@westnet.com.au,Rehan
005605 - Karratha Florist,,2/16 Hedland Place,Karratha,,6714,Australia,flowers@karrathaflorist.com.au,Rehan
005512 - Barry Evans,,PO Box 225,Carnarvon,6701,WA,Australia,sales@barryevansliftingworld.com.au,Rehan
002841 - Discount Drug Store Erskine,,Shop 4 To 5 Old Coast Rd Erskine Central Sctr,Mandurah,6210,WA,Australia,erskine@discountdrugstores.com.au,Rehan
000106 - Wandering Tide Exmouth,,Shop B 2/3 Kennedy St,Exmouth,6707,WA,Australia,wanderingtide.exmouth@gmail.com,Rehan
003252 - Port Kennedy Pharmacy,,"8b/397 Warnbro Sound Ave,",Port Kennedy,6172,WA,Australia,Pkpharm@bigpond.net.au,Rehan
004720 - Boyup Brook Pharmacy,,80 Abel St,Boyup Brook,6244,WA,Australia,admin@boyupbrookpharmacy.com.au,Rehan
001320 - Corrigin Pharmacy,,4 Campbell Street,Corrigin,6375,WA,Australia,pharmacy@corriginpharmacy.com.au,Rehan
005531 - Toyworld Pakenham,Shop 3 67-69,Main Street,Pakenham,3810,VIC,Australia,Toyworldpakenham@evanstoys.com.au,Rehan
002700 - Prahran Midnight Pharmacy,,416 - 418 High St,Prahran,3181,Vic,Australia,info@prahranmidnightpharmacy.com.au,Rehan
001720 - Caring Pharmacy Yangebup,,Cnr Swallows Road And Moorehan Drive Shop 12 Lakel,Yangebup,6164,WA,Australia,yangebup@caringpharmacy.com.au,Rehan
000694 - Captain Stirling Pharmacy,,3A/150 Stirling Highway,Nedlands,6009,WA,Australia,info@csprx.com.au,Rehan
001037 - Mount Hawthorn Community Pharmacy,Shop 16 Mt Hawthorn Plaza,148 Scarbourough Beach R,Mount Hawthorn,6016,WA,Australia,mhcp@ppsportal.com.au,Rehan
002286 - Kenwick Pharmacy,,Shop 4 Kenwick Village Sc 73 Belmont Road,Kenwick,6107,WA,Australia,Kenwickpharmacy@hotmail.com,
002097 - Healthways Chemist,,Shop 11 Westfield Shoppingtown,Kelmscott,6111,WA,Australia,westfield@guardianpharm.net,Rehan
003169 - Pharmasave Berwick,,51 High St,Berwick,3806,Vic,Australia,office@berwickpharmacy.com.au,Rehan
002241 - Joondalup Drive Pharmacy,,Unit 7 The Gateway Joondalup Drive,Joondalup,6027,WA,Australia,,
004550 - Twinkle Tots,,538 High St,Northcote,3070,VIC,Australia,info@twinkletots.com.au,Rehan
002598 - Michaels Health Care Chemist,,4 By 395 Fitzgerald Street,North Perth,6006,WA,Australia,support@michaelschemist.com.au,Rehan
005513 - The Toy Station,,96c Dempster Rd,Esperance,6450,WA,Australia,thetoystation@westnet.com.au,Rehan
002600 - Michaels Healthcare Wembley,,Shop 1 320 Cambridge Street,Wembley,6014,WA,Australia,support@michaelschemist.com.au,
003421 - Drovers Health Pharmacy,,11/1397 Wanneroo Rd,Wanneroo,6065,WA,Australia,wanneroo@droverspharmacy.com.au,Rehan
000414 - Beaumaris Pharmacy,,1A East Concourse,Beaumaris,3193,Vic,Australia,beaumaris.pharmacy@frednet.com.au,Rehan
004689 - Sweet lullabies,,103 Argyle St,Traralgon,3844,VIC,Australia,sales@sweetlullabies.com.au,Rehan
004535 - Main Street Pharmacy,,Shop 3 196 Main St,Osborne Park,6017,WA,Australia,info@mainstreetpharmacy.com.au,Rehan
004071 - The Grove Pharmacy,,61 Harbrow Grove,Seacombe Gardens,5047,SA,Australia,thegrove.pharmacy@nunet.com.au,Rehan
001386 - Day-Night Chemist Ramsgate,,328 Rocky Point Rd,Ramsgate,2217,NSW,Australia,info@daynightchemist.com.au,Rehan
000785 - Chemist Outlet Baulkham Hills,,323 Windsor Road,Baulkham Hills,2153,NSW,Australia,baulkhamhills.disp@chemistoutlet.com.au,Rehan
001798 - Good Life Pharmacy,,491 George Street,Windsor South,2756,NSW,Australia,southwindsorpharmacy@gmail.com,Rehan
004354 - Wilberforce Everyday Chemist,,"Shop 6, King Road",Wilberforce,2756,NSW,Australia,wilberforcepharmacy@gmail.com,Rehan
002948 - Orrong Pharmacy,,704 High Street,Prahran,3181,Vic,Australia,info@orrongpharmacy.com,Rehan
001672 - Formula Pharmacy,,Shop 3 378 Canning Highway,Bicton,6157,WA,Australia,formulapharmacy@outlook.com,Rehan
002497 - Marmion Village Pharmacy,,Shop 1/11 Sheppard Way,Marmion,6020,WA,Australia,mar211@bigpond.com,Rehan
000795 - Chemist Outlet Lisarow,,"Shop 21 Lisarow Shopping Plaza, 1 Parsons Road",Lisarow,2250,NSW,Australia,orders@chemistoutlet.com.au,Rehan
000415 - Beckenham Pharmacy,,Shop 8 Beckenham Sctr 194 To 200 William St,Beckenham,6107,WA,Australia,pharmacybeckenham@gmail.com,Rehan
005305 - The Play Room,,1/307 Stock Rd,O'Connor,6163,WA,Australia,oconnor@theplayroom.com.au,Rehan
002669 - Mosman Park Pharmacy,,4 To 46 Manning St,Mosman Park,6012,WA,Australia,mosmanparkpharmacy@westnet.com.au,Rehan
001155 - Hire for Baby & Baby Restraint Fitters Busselton,,57 Cook St,Busselton,6280,WA,Australia,busselton@hireforbaby.com,Rehan
001193 - Chinatown Pharmacy,,Shop 2 Paspaley Plaza,Broome,6725,WA,Australia,sales@chinatownpharmacy.com.au,Rehan
000386 - Barones Pharmacy Chullora,Chullora Marketplace,355 Waterloo Rd,Chullora,2190,NSW,Australia,chullora@baronepharmacy.com.au,Rehan
004400 - Woodvale Pharmacy,,Shop 12 Woodvale Scentre Trappers Drive,Woodvale,6026,WA,Australia,woodvalephcy@gmail.com,Rehan
000567 - Pharmasave Boronia Discount Pharmacy,,Shop 3/148 Boronia Road,Boronia,3155,Vic,Australia,boronia@pharmasave.net.au,Rehan
000385 - Barones Pharmacy Woodcroft,,"Shop 13, Centro Woodcroft, 3 Woodcroft Drive",Woodcroft,2767,NSW,Australia,woodcroft@baronepharmacy.com.au,Rehan
003147 - Chemwise Pharmacy Bunbury,,122 Spencer St,Bunbury,6230,WA,Australia,bunbury@chemwisepharmacy.com.au,Rehan
001970 - Stratton Park Pharmacy,,Shop 15 Stratton Pk Sccnr Farrell And Oconnor Road,Stratton Park,6056,WA,Australia,spplagana@bigpond.com,Rehan
004759 - Myaree Pharmacy,Shop 10,67 North Lake Rd,Myaree,6154,WA,Australia,myareepharmacy@gmail.com,Rehan
004591 - Sunlander Pharmacy,,10 Sunlander Drive,Currambine,6028,WA,Australia,sunlanderpharmacy@gmail.com,Rehan
002300 - Kim Vinh Pharmacy,,310 Chapel Road South,Bankstown,2200,NSW,Australia,kimvinhchemist@yahoo.com.au,Rehan
001013 - Kingston Pharmacy,,17 Agnes Street,Kingston,5275,SA,Australia,info@kingstondc.sa.gov.au,Rehan
004577 - Baby Goods Warehouse,Mornington village S/Centre,107/ 241 Main street,Mornington,3931,VIC,Australia,info@babygoodswarehouse.com.au,Rehan
004913 - Pharmacy 777 Bunbury,,"Suite 1, 12/16 Vasse St",South Bunbury,6230,WA,Australia,southbunbury@pharmacy777.com.au,Rehan
003766 - Soul Pattinson Thornlie Square,,Sp18 Thornlie Sc Cnr Spencer Rd N Thornlie Ave,Thornilie,6108,WA,Australia,thornliesqphy@gmail.com,Rehan
002770 - Narwee Pharmacy,,139 Penshurst Road,Narwee,2209,NSW,Australia,info@narweepharmacy.com.au,Rehan
001238 - Pharmasave Riverwood,,278-280 Belmore Road,Riverwood,2210,NSW,Australia,riverwood@PharmaSave.net.au,Rehan
003674 - Choice Pharmacy Eastern Creek,,Shop 06 179 Rooty Hill Rd South,Eastern Creek,2766,NSW,Australia,easterncreek@choicepharmacy.com.au,Rehan
000648 - Cabramatta East Day And Night Pharmacy,,139 Cabramatta Road,Cabramatta,2166,NSW,Australia,cabrx@bigpond.net.au,Rehan
005186 - Home Care Pharmacy Bassendean,,51 Old Perth Rd,Bassendean,6054,WA,Australia,homecarepharmacybassendean@gmail.com,Rehan
003687 - Albany Dog Rock Chemist,Shop 16 Dog Rock Shopping Centre,332 Middleton Rd,Albany,6330,WA,Australia,dogrock@alliancepharmacy.com.au,Rehan
004496 - Caversham 7 Day Pharmacy,,3/175 Suffolk St,Caversham,6055,WA,Australia,caversham@7daypharmacy.net.au,Rehan
000194 - Amcal Plus Pharmacy Kempsey,Shop 5 To 7 Kempsey Central,Belgrave Street,Kempsey,2440,NSW,Australia,kempsey@amcal.net.au,Rehan
003850 - Strachans Day & Night Pharmacy,,257 Lambton Rd,New Lambton,2305,NSW,Australia,customer@strachanspharmacy.com.au,Rehan
005675 - Sistahood Style,Shop 5a Roselea Shopping Centre,732 Karrinyup Rd,Balcatta,6021,WA,Australia,Hello@sistahoodstyle.com.au,Rehan
001405 - Denmark Pharmacy,,20 Strickland St,Denmark,6333,WA,Australia,denmarkpharmacy@bigpond.com,Rehan
000220 - Palm Waters Chempro,Cnr Nineteenth Ave & Angelica Street,Nineteenth Ave Shoppping Centre,Palm Beach,4221,QLD,Australia,palmwaters@chempro.com.au,Rehan
001147 - Chempro Highland Park,,95 Alexander Drive,Nerang,4211,QLD,Australia,highlandpark@chempro.com.au,Rehan
005681 - Kenmore Chempro Chemist,,"Shop 4, 9 Marshall Lane",Kenmore,4069,QLD,Australia,kenmore@chempro.com.au,Rehan
002245 - Jurien Pharmacy,,Shop 2 To 4 Murray St Jurien Sctre,Jurien,6516,WA,Australia,jurpharm1@hotmail.com,Rehan
000577 - Wyoming Chempro Chemist,,Shop 2 Wyoming Centre,Wyoming,2250,NSW,Australia,wyoming@chempro.com.au,Rehan
002661 - Morningside Central Chempro,,Corner Of Wynnum Road And Junction Road,Morningside,4170,QLD,Australia,morningside@chempro.com.au,Rehan
000209 - Amcal Narrogin Chemist,,8 To 12 Fortune St,Narrogin,6312,WA,Australia,narrogin@amcal.net.au,Rehan
004770 - Chempro Arundel,Shop 6 Arundel Plaza,Napper Road And Daintree Drive,Arundel,4214,QLD,Australia,arundel@chempro.com.au,Rehan
001625 - Exmouth Pharmacy,,"Ross Street Mall, Ross Street",Exmouth,6707,WA,Australia,exmouthpharmacy@westnet.com.au,Rehan
000556 - Bolands Pharmacy,,67 Wilson Street,Burnie,7320,Tas,Australia,bolands@frednet.com.au,Rehan
001317 - Corfield Street Family Chemist,,122 To 126 Stalker Road,Gosnells,6110,WA,Australia,chemist@multiline.com.au,Rehan
005672 - Medowie Pharmacy,Shop 17,37C Ferodale Road,Medowie,2318,NSW,Australia,admin@medowiepharmacy.com.au,Rehan
003751 - Soul Pattinson Healesville Walk Pharmacy,,3/251 Maroondah Hwy,Healesville,3777,Vic,Australia,privacy@api.net.au,Rehan
001713 - Pharmacy 777 Clarkson,,Shop 5 19 Neerabup Rd,Clarkson,6030,WA,Australia,clarkson@pharmacy777.com.au,Rehan
004833 - Chempro Caloundra,,2 Caloundra Road,Caloundra,4551,QLD,Australia,caloundra@chempro.com.au,Rehan
002155 - Hogans Pharmacy,,123 Sale Street,Orange,2800,NSW,Australia,enquiries@hoganspharmacy.com.au,Rehan
003396 - Beenleigh Marketplace Chempro Chemist,,Shop 22/114-118 George S,Beenleigh,4207,QLD,Australia,beenleighmarketplace@chempro.com.au,Rehan
004824 - Kingscliff 7 Day Chempro,,84 Marine Parade,Kingscliff,2487,NSW,Australia,kingscliff@chempro.com.au,Rehan
004943 - Chempro Mermaid Plaza,,Shop 4 2400 GOLD COAST HIGHWAY,Mermaid Beach,4218,QLD,Australia,mermaidbeach@chempro.com.au,Rehan
004479 - Chempro Carseldine,Shop ST3 Carseldine Centre,735 Beams Road,Carseldine,4034,QLD,Australia,carseldine@chempro.com.au,Rehan
002128 - Heatherhill Road Pharmacy,,48 Heatherhill Road,Frankston,3199,Vic,Australia,heatherhillroadpharmacy@nunet.com.au,Rehan
005634 - Metung Discount Pharmacy,69d,Metung Rd,Metung,3904,VIC,Australia,metungpharmacy@outlook.com,Rehan
001311 - Coomera Square Chempro Chemist,Shop B5,31-39 Kristins Lave,Upper Coomera,4209,QLD,Australia,coomerasquare@chempro.com.au,Rehan
005697 - The Olive Grove,,1303 Sturt St,Ballarat,3350,VIC,Australia,info@olivegrovedelicatessen.com,Rehan
000201 - Miami Chempro,Shop 8&9 Maimi One Shopping Centre,2 Nundah Ave,Miami,4220,QLD,Australia,miami@chempro.com.au,Rehan
004483 - Discount Drug Store Trinity,Trinity Shopping Village,shop 6/12 Longstaff Ave,Alkimos,6038,WA,Australia,platinum.service@sigmahealthcare.com.au,Rehan
005700 - Riverdale Chempro Chemist,Shop 16 ‘Riverdale Shopping Centre’,49-65 Macquarie Street,Dubbo,2830,NSW,Australia,riverdale@chempro.com.au,Rehan
000101 - Chempro Burleigh Town,Woolworths End,Shop 6 Burleigh Town Market Place,Burleigh West,4220,QLD,Australia,burleigh@chempro.com.au,Rehan
002054 - Wallace Street Pharmacy,,7 Wallace Street,Macksville,2447,NSW,Australia,wallacestpharmacy@gmail.com,Rehan
001701 - Pharmacy 777 Morley,,"Shop 2,3/127 Crimea St",Morley,6062,WA,Australia,morley@pharmacy777.com.au,Rehan
004961 - Meadow Mews Pharmacy,Shop 14-15 Meadow Mews Plaza,102-106 Hobart Road,Kings Meadows,7249,TAS,Australia,meadowmews@au.knightfrank.com,Rehan
000792 - Chemist Outlet Erina Heights,,375 The Entrance Road,Erina Heights,2250,NSW,Australia,erina.disp@chemistoutlet.com.au,
000796 - Chemist Outlet North Wyong,,9 D&E 250-300 Pacific Highway,North Wyong,2259,NSW,Australia,northwyong@chemistoutlet.com.au,Rehan
004809 - Coomera City Centre Chempro,Shop T13 Coomera City Centre,Cnr Coach Road And Commercial Street,Upper Coomera,4209,QLD,Australia,coomeracitycentre@chempro.com.au,Rehan
004741 - Atara Compounding Pharmacy Vermont,,645 ? 647 Burwood Highway,Vermont South,3133,VIC,Australia,orders@ataracompoundingpharmacy.com.au,Rehan
004271 - Wagin Pharmacy,,52 Tudhoe Street,Wagin,6315,WA,Australia,waginpharmacy@gmail.com,Rehan